{"accuracy": [0.4965302348136902, 0.6444246768951416, 0.6951364278793335, 0.7205219268798828, 0.7354982495307922, 0.750237226486206, 0.7612989544868469, 0.7694839835166931, 0.777876615524292, 0.7822657227516174, 0.7893534898757935, 0.7922598123550415, 0.796500563621521, 0.7995848059654236, 0.8003855347633362], "loss": [1.8265936374664307, 1.1699836254119873, 0.9918163418769836, 0.8943588733673096, 0.8359737992286682, 0.7902560830116272, 0.7466968297958374, 0.7178369164466858, 0.6958264112472534, 0.6726136207580566, 0.6476491689682007, 0.6408546566963196, 0.6256259679794312, 0.6108602285385132, 0.6073422431945801], "val_accuracy": [0.6842229962348938, 0.7551601529121399, 0.7805456519126892, 0.7767497301101685, 0.7921708226203918, 0.7795966863632202, 0.8080664277076721, 0.8189798593521118, 0.8258600234985352, 0.8256227970123291, 0.827046275138855, 0.8310794830322266, 0.8260972499847412, 0.8408066630363464, 0.8310794830322266], "val_loss": [0.9884707927703857, 0.7839292883872986, 0.6876430511474609, 0.6921268105506897, 0.6220730543136597, 0.6579292416572571, 0.5859553217887878, 0.555181622505188, 0.5439097285270691, 0.5325294733047485, 0.5114532709121704, 0.5078440308570862, 0.4999571442604065, 0.4984900951385498, 0.5159652829170227]}